URL,TYPE,PA,DA,STATUS
https://developers.aceinna.com/user/profile,Profile,,,live
https://www.anime-sharing.com/account/account-details,Profile,,,live
https://windstoneeditions.com/members/nhcancerclinics/,Profile,,,live
https://projectkorra.com/forum/account/account-details,Profile,,,live
https://sinhhocvietnam.com/forum/threads/41764/,Profile,,,live
https://forum.slugdisco.com/index.php?account/account-details,Profile,,,live
https://joomlaux.com/forum/profile/edit/157824-sweetvoice.html,Profile,,,live
https://wordpress.com/me,Profile,,,live
https://forum.scatt.com/members/emiratesglass.11921/#about,Profile,,,live
https://www.openfaves.com/my-account/,Profile,,,live
https://sweetvoicelandscaping6665565.madmouseblog.com/profile,Profile,,,live
https://sweetvoicelandscaping221.ourcodeblog.com/profile,Profile,,,live
https://sweetlandscaping.activablog.com/profile,Profile,,,live
https://sweetvoice333.ja-blog.com/profile,Profile,,,live
https://sweetvoice3124.blog-eye.com/profile,Profile,,,live
https://sweetvoicelandscaping660.bloggazzo.com/profile,Profile,,,live
https://sweetvoice8887.blogdeazar.com/profile,Profile,,,live
https://sweetvoice776.glifeblog.com/profile,Profile,,,live
https://landscapingsweetvoice.popup-blog.com/profile,Profile,,,live
https://sweetlandscapingvoice332.blogunteer.com/profile,Profile,,,live
https://wtoregister.com/en/profile/111572/sweet-voice,Status,,,
http://www.4mark.net/profile.aspx,Profile,,,live
https://canadiantogrow.com/listing-author/?dashboard=update-profile,Profile,,,live
https://bimworx.net/user/sweetvoice-landscaping/profile/,Profile,,,live
https://codeforphilly.org/people/Sweetvoicelandscaping,Profile,,,live
https://eilo.org/user/cubsidecar,Profile,,,live
https://msnho.com/users/sweetvoicelandscaping,Profile,,,live
https://raffall.com/sweetvoice,Profile,,,live
https://www.industryhuddle.com/sweetvoicelandscaping,Profile,,,live
https://www.remotehub.com/sweetvoice.landscaping,Profile,,,live
https://www.communitytablect.com/profile/sweetvoicelandscaping95255/profile,Profile,,,live
https://www.link-your-site.com/,Status,,,
https://www.contractortalk.com/members/sweetvoicelandscaping9090.353417/,Profile,,,live
https://www.renotalk.com/business/dashboard/my-profile,Profile,,,live
https://blackbusinessdirect.ca/user/my-profile,Profile,,,live
https://medium.com/me/settings/account,Profile,,,live
https://livepositively.com/me/profil.php#about,Profile,,,live
https://vidude.com/,Profile,,,live
https://flokii.com/users/profile,Profile,,,live
https://www.manta.com/profile/settings,Profile,,,live
Main URL,Profile,,,live
https://www.communitytablect.com/account/my-account,Profile,,,live
https://www.communitytablect.com/profile/sweetvoicelandscaping95255/profile,Link Type,,,Status
https://www.contractortalk.com/account/account-details,Profile,,,live
https://www.renotalk.com/business/dashboard,Profile,,,live
"https://blackbusinessdirect.ca/user/register-confirm/3149,Xtn93LKgbmcJN8Tz",Profile,,,live
https://medium.com/me/settings/account,Profile,,,live
https://livepositively.com/me/profil.php#about,Profile,,,live
https://directorybin.com/dashboard/#dashboard_profile,Profile,,,live
https://flokii.com/-sweetvoicelandscaping,Profile,,,live
https://renovationpro.info/,Profile,,,live
Main URL,Profile,,,live
https://my.archdaily.com/,Profile,,,live
https://list.ly/david-john-40/lists,Link Type,,,Status
https://www.patreon.com/c/hasteencatring,Profile,,,live
https://mybookgoggles.blogspot.com/2010/12/making-santas-good-list-rgz-and-first.html?sc=1743065134708#c7163509544621716681,Profile,,,live
https://www.blogger.com/comment/fullpage/post/4903537776649174622/6890391726149038920,Profile,,,live
https://mundotentacular.blogspot.com/2019/12/nos-confins-do-imperio-explorando-o.html?sc=1743065483639#c2836451259857917463,Profile,,,live
https://mycottoncreations.blogspot.com/2012/07/family-life-harry-potter-party-free.html?sc=1743065672387#c1210403603791505749,Profile,,,live
https://www.blogger.com/comment/fullpage/post/6569232308268545210/3230571285784869200,Profile,,,live
https://www.blogger.com/comment/fullpage/post/4312269892947337679/4273547503825230171,Profile,,,live
https://mustreadfaster.blogspot.com/2013/04/blog-tour-jesses-war.html?sc=1743065811624#c7376129186260549888,Profile,,,live
Main URL,Profile,,,live
https://bouchesocial.com/user/sweetvoicelandscaping,Profile,,,live
https://socialmphl.com/user/sweetvoicelandscaping,Link Type,,,Status
https://worldlistpro.com/user/sweetvoicelandscaping665,Profile,,,live
https://telebookmarks.com/user/sweetvoice,Profile,,,live
https://bookmarkinglive.com/user/landscapingsweet,Profile,,,live
https://health-lists.com/user/sweetvoiceland,Profile,,,live
https://madmouseblog.com/Dashboard,Profile,,,live
https://ourcodeblog.com/Dashboard,Profile,,,live
https://activablog.com/Dashboard,Profile,,,live
https://ja-blog.com/Dashboard,Profile,,,live
Main URL,Profile,,,live
https://mycottoncreations.blogspot.com/2012/07/family-life-harry-potter-party-free.html?sc=1742628972565#c5055336630006237996,Profile,,,live
https://myclassroomtransformation.blogspot.com/2016/11/my-diy-halloween-costume.html?sc=1742629000006#c6605489339209643979,Link Type,,,Status
https://mycalicoskies.blogspot.com/2012/10/matryoshka-collection-2-flora.html?sc=1742629059860#c689493247325615713,Comment,,,live
https://mybookgoggles.blogspot.com/2010/12/making-santas-good-list-rgz-and-first.html?sc=1742629140445#c6790003910153091494,Comment,,,live
https://www.blogger.com/comment/fullpage/post/4903537776649174622/6890391726149038920,Comment,,,live
https://mundotentacular.blogspot.com/2019/12/nos-confins-do-imperio-explorando-o.html?sc=1742629156879#c7573116051807615507,Comment,,,live
https://www.blogger.com/comment/fullpage/post/25381769/3383588065116675202,Comment,,,live
https://www.blogger.com/comment/fullpage/post/6569232308268545210/3230571285784869200,Comment,,,live
https://www.blogger.com/comment/fullpage/post/4312269892947337679/4273547503825230171,Comment,,,live
https://mustreadfaster.blogspot.com/2013/04/blog-tour-jesses-war.html?sc=1742629326705#c6359427856934681214,Comment,,,live
Main URL,Comment,,,live
https://www.blogger.com/comment/fullpage/post/2433052056595976279/3991442290890510075,Comment,,,live
https://www.blogger.com/comment/fullpage/post/7133723095182879447/3081911489412399428,Link Type,,,Status
https://myquiltdiet.blogspot.com/2017/08/spider-web-pattern.html?sc=1742550732055#c1251771637815250878,Comment,,,live
https://myshabbysoul.blogspot.com/2011/05/lilac.html?sc=1742550778573#c3784322070433488979,Comment,,,live
https://mundotentacular.blogspot.com/2019/12/nos-confins-do-imperio-explorando-o.html?sc=1742550806681#c1188435412068311993,Comment,,,live
https://www.blogger.com/comment/fullpage/post/4903537776649174622/6890391726149038920,Comment,,,live
https://mrsosterman.blogspot.com/,Comment,,,live
https://monorama.blogspot.com/2011/12/artecomic-expo-colectiva-en-zacatecas.html,Comment,,,live
https://mrsosterman.blogspot.com/2011/11/have-you-ever-wanted-something-soooo.html?sc=1714822666366#c7000313301860763280,Comment,,,live
https://motswariblog.blogspot.com/2013/03/24th-march-important-notice.html?sc=1742551065826#c5465652087123267381,Comment,,,live
Main URL,Comment,,,live
http://miniges.bei.org.ua/2016/02/blog-post_11.html?sc=1742371635985#c6401980933809097865,Comment,,,live
https://miniatextures.blogspot.com/2017/04/mordheim.html?sc=1742371629999#c6482850342509682451,Link Type,,,Status
https://mojomade.blogspot.com/2013/10/5-blogs-that-inspire-wanderlust-gypset.html?sc=1742371573297#c7773900654291686589,profile,,,live
https://www.blogger.com/comment/fullpage/post/18602782/114407296334820602,profile,,,live
https://nodontpinthat.blogspot.com/2015/05/activated-charcoal-to-prevent-hangover.html?sc=1742371745728#c997970102607807275,profile,,,live
https://noesunamanzana.blogspot.com/2008/06/actividades-didcticas-para-el.html?sc=1742371754825#c3472714629208738760,profile,,,live
https://niccolaontuesday.blogspot.com/2017/03/spaghetti-sensory-fun.html?sc=1742371869585#c4020998555250248338,profile,,,live
https://neveradelibros.blogspot.com/2011/08/premio-palangana.html?sc=1742371883179#c376455865116398640,profile,,,live
https://newworldorder-wakeup.blogspot.com/2011/04/blog-post_2509.html?sc=1742372002450#c2637491533683925512,profile,,,live
https://nemvagyokmesterszakacs.blogspot.com/2011/08/18-szuletesnap-es-csaladi-ebed-palmaban.html?sc=1742372077038#c1629594316428289741,profile,,,live
Main URL,profile,,,live
https://chillspot1.com/user/rammafoundation1,profile,,,live
https://co-roma.openheritage.eu/profiles/sweet_voice/timeline,Link Type,,,Status
https://fueler.io/sweetvoicelandscapin,profile,,,live
https://permacultureglobal.org/account,profile,,,live
https://yardyum.com/users/show/24353,profile,,,live
https://bimworx.net/user/sweetvoice-landscaping/profile/info,profile,,,live
https://codeforphilly.org/people/Sweetvoicelandscaping,profile,,,live
https://eilo.org/user/ramma,profile,,,live
https://msnho.com/blog/what-landscaping,profile,,,live
https://leasedadspace.com/login.php?result=2,profile,,,live
Main URL,profile,,,live
https://trueen.com/business/listing/sweetvoice-landscaping/506937,profile,,,live
https://vymaps.com/PK/Sweetvoice-Landscaping-VN81668/?id_new=3ba2238c95435d53691eafcf15c51a3b,Link Type,,,Status
https://ca.portugo.io/profile/sweetvoicelandscaping,Profile,,,live
https://en.wikipedia.org/w/index.php?title=User:Sweetvoice103&action=submit,Profile,,,live
https://forums.edmunds.com/profile/cubsidecar,Profile,,,live
https://business.global-weblinks.com/cars-mc-boats/caa-roadside-assistance.asp?stage=comment,Profile,,,live
https://myanimelist.net/comments.php?id=19822236,Profile,,,live
https://sweetvoice2134.blog-eye.com/33911025/landscaping-company-in-abu-dhabi,Profile,,,live
https://wesweetvoice.bloggazzo.com/32873489/what-is-landscaping,Profile,,,live
https://ca.portugo.io/posts/create,Profile,,,live
Main URL,Profile,,,live
https://trueen.com/business/listing/sweetvoice-landscaping/506937,Profile,,,live
https://vymaps.com/PK/Sweetvoice-Landscaping-VN81668/?id_new=3ba2238c95435d53691eafcf15c51a3b,Link Type,,,Status
https://ca.portugo.io/profile/sweetvoicelandscaping,Listing,,,live
https://en.wikipedia.org/w/index.php?title=User:Sweetvoice103&action=submit,Listing,,,live
https://forums.edmunds.com/profile/cubsidecar,Listing,,,live
https://business.global-weblinks.com/cars-mc-boats/caa-roadside-assistance.asp?stage=comment,Listing,,,live
https://myanimelist.net/comments.php?id=19822236,Listing,,,live
https://sweetvoice2134.blog-eye.com/33911025/landscaping-company-in-abu-dhabi,Listing,,,live
https://wesweetvoice.bloggazzo.com/32873489/what-is-landscaping,Listing,,,live
https://ca.portugo.io/posts/create,Listing,,,live
Main URL,Listing,,,live
https://sweetvoicelandscaping.madmouseblag.com/profile,Listing,,,live
https://sweetvoicelandscaping.ourcodeblag.com/profile,Link Type,,,Status
https://sweetvoicelandscaping.activablag.com/profile,Profile,,,live
https://sweetvoicelandscaping.ja-blag.com/profile,Profile,,,live
https://sweetvoicelandscaping.blag-eye.com/profile,Profile,,,live
https://sweetvoicelandscaping.blaggazzo.com/profile,Profile,,,live
https://sweetvoicelandscaping.blagdeazar.com/profile,Profile,,,live
https://sweetvoicelandscaping.glifeblag.com/profile,Profile,,,live
https://sweetvoicelandscaping.popup-blag.com/profile,Profile,,,live
https://sweetvoicelandscaping.blagunteer.com/profile,Profile,,,live
Main URL,Profile,,,live
https://www.gbibp.com/company/2025-01-importance-of-landscaping,Profile,,,live
https://www.gbibp.com/dashboard,Link Type,,,Status
https://morefunz.com/submit-url,Profile,,,live
https://urbanedmonton.ca/my-account/my-listings/,Profile,,,live
https://usefind.ai/searches/rukhsar-flower-ndohmaymsglhowuljmew,Profile,,,live
https://www.asdphone.com/intranet/?o=myaccount&,Profile,,,live
https://rammafoundationrepair.hub.biz/#edit,Profile,,,live
https://www.thestudentroom.co.uk/member.php?u=7398069,Profile,,,live
https://rammafoundation321.glifeblog.com/31411073/expert-foundation-repair-services-near-edmonton,Profile,,,live
https://gitlab.com/rammafoundation97,Profile,,,live
Main URL,Profile,,,live
https://www.articleted.com/p/298011,Profile,,,live
https://boeken.startpagina.nl/forum/profile/,Link Type,,,Status
https://bookmarkuse.com/story18915562/importance-of-landscaping,Profile,,,live
https://wiishlist.com/story19709878/looking-for-a-professional-landscaping-company-in-abu-dhabi,Profile,,,live
https://socialwoot.com/story20705811/professional-landscaping-company-in-abu-dhabi,Profile,,,live
https://sweetvoice.howeweb.com/34188743/looking-for-a-professional-landscaping-company-in-abu-dhabi,Profile,,,live
https://sweetvoice.answerblogs.com/33765554/leading-landscaping-company-in-abu-dhabi,Profile,,,live
https://sweetvoice213.blogsumer.com/32784348/landscaping-company-in-abu-dhabi,Profile,,,live
https://socialskates.com/story20240458/what-is-landscaping,Profile,,,live
https://bookmarkedblog.com/story19468358/ilforno-a-premier-pasta-destination-in-dubai,Profile,,,live
Main URL,Profile,,,live
http://www.billhendricks.net/2014/10/oh-for-teachers-who-are-gifted-to-task.html?sc=1721635074703#c6989690510539676999,Profile,,,live
https://youtubecreator-uk.googleblog.com/2017/05/uk-general-election-join-powertodecide.html?sc=1721635142402#c2122654591210028983,Link Type,,,Status
http://careersintaxblog.taxinstitute.com.au/2018/04/a-forum-for-emerging-leaders-in-tax.html?sc=1721635327424#c6773047352994552006,Comment,,,live
https://beadedbymarla.indiemade.com/news/metallic-cuff-bracelet?page=8#comment-67720,Comment,,,live
https://stevethomasart.blogspot.com/2013/07/tour-de-france-prints-for-team-garmin.html?sc=1721635672945#c8521138584237927733,Comment,,,live
http://blog.havaianasaustralia.com.au/2019/10/havaianas-celebrate-summer.html?sc=1721635825447#c8974067475717103029,Comment,,,live
http://careersintaxblog.taxinstitute.com.au/2016/10/your-new-career-in-tax-what-to-expect.html?sc=1721636107231#c6863632199142185205,Comment,,,live
https://sleeptalkinman.blogspot.com/2012/12/dec-17-2012.html?sc=1721636173201#c2443685250490814454,Comment,,,live
https://intothenightphoto.blogspot.com/2013/03/hangout-with-nightscape-photographer.html?sc=1721636260651#c7070105386710902271,Comment,,,live
http://amspanow.americanmedspa.org/2016/10/cosmetic-procedure-shelf-life.html?sc=1721636311254#c1015983880585726682,Comment,,,live
Main URL,Comment,,,live
https://www.articleted.com/p/298011,Comment,,,live
https://boeken.startpagina.nl/forum/profile/,Link Type,,,Status
https://bookmarkuse.com/story18915562/importance-of-landscaping,Profile,,,live
https://wiishlist.com/story19709878/looking-for-a-professional-landscaping-company-in-abu-dhabi,Profile,,,live
https://socialwoot.com/story20705811/professional-landscaping-company-in-abu-dhabi,Profile,,,live
https://sweetvoice.howeweb.com/34188743/looking-for-a-professional-landscaping-company-in-abu-dhabi,Profile,,,live
https://sweetvoice.answerblogs.com/33765554/leading-landscaping-company-in-abu-dhabi,Profile,,,live
https://sweetvoice213.blogsumer.com/32784348/landscaping-company-in-abu-dhabi,Profile,,,live
https://socialskates.com/story20240458/what-is-landscaping,Profile,,,live
https://bookmarkedblog.com/story19468358/ilforno-a-premier-pasta-destination-in-dubai,Profile,,,live
Main URL,Profile,,,live
https://www.articleted.com/p/298011,Profile,,,live
https://boeken.startpagina.nl/forum/profile/,Link Type,,,Status
https://bookmarkuse.com/story18915562/importance-of-landscaping,Profile,,,live
https://wiishlist.com/story19709878/looking-for-a-professional-landscaping-company-in-abu-dhabi,Profile,,,live
https://socialwoot.com/story20705811/professional-landscaping-company-in-abu-dhabi,Profile,,,live
https://sweetvoice.howeweb.com/34188743/looking-for-a-professional-landscaping-company-in-abu-dhabi,Profile,,,live
https://sweetvoice.answerblogs.com/33765554/leading-landscaping-company-in-abu-dhabi,Profile,,,live
https://sweetvoice213.blogsumer.com/32784348/landscaping-company-in-abu-dhabi,Profile,,,live
https://socialskates.com/story20240458/what-is-landscaping,Profile,,,live
https://bookmarkedblog.com/story19468358/ilforno-a-premier-pasta-destination-in-dubai,Profile,,,live
Main URL,Profile,,,live
https://mail.acevn.com/company_detail.php,Profile,,,live
https://salesale.sale/user/sweetvoicelandscaping/,Link Type,,,Status
https://www.motorhomefacts.com/members/landscaping.260202/#about,Profile,,,live
https://www.motorhomefacts.com/members/landscaping.260202/#about,Profile,,,live
https://joyrulez.com/sweetvoicelandscaping,Profile,,,live
https://getsocialpr.com/story20179420/professional-landscaping-company-in-abu-dhabi,Profile,,,live
https://buymeacoffee.com/sweetvoicelandscaping?status=1,Profile,,,live
https://socialmediainuk.com/story20743699/best-landscaping-company-in-abu-dhabi-expert-garden-outdoor-solutions,Profile,,,live
https://dubailocal.ae/search?d=&query=landscaping,Profile,,,live
https://dubailocal.ae/search?d=&query=landscaping,Profile,,,live
Main URL,Profile,,,live
https://gwar.net/a/bohabs/users,Profile,,,live
https://yappi.com/forum/index.php?account/account-details,Link Type,,,Status
https://www.bat-safe.com/profile/sweetvoicelandscaping39367/profile,profile,,,live
https://forums.planetdestiny.com/members/sweetvoicelandscaping.54885/,profile,,,live
https://zeppelindesignlabs.com/forums/,profile,,,live
https://forums.poxnora.com/index.php?members/sweet-voice.75378/,profile,,,live
https://curlebrity.mn.co/members/29768289,profile,,,live
https://www.eater.com/users/Sweetvoic1,profile,,,live
https://www.divephotoguide.com/user/sweetvoicelandscaping/,profile,,,live
https://auth.voxmedia.com/chorus_auth/confirm/0srwS3fi,Forum,,,live
Main URL,Forum,,,live
https://gwar.net/a/bohabs/users,Forum,,,live
https://owntweet.com/sweetvoicelandscaping,Link Type,,,Status
https://videos.muvizu.com/Profile/galaxies/Latest,Profile,,,live
https://forums.soompi.com/profile/1590528-sweet-voice/?tab=field_core_pfield_11,Profile,,,live
https://www.thebostoncalendar.com/account,Profile,,,live
https://www.freewebmarks.com/profile,Profile,,,live
https://ilforno.blogstival.com/53824740/ilforno-top-italian-restaurants-in-dubai-a-taste-of-italy,Profile,,,live
https://speakerdeck.com/galaxiesinternational,Profile,,,live
https://galaxisinternational.blogproducer.com/40454193/merino-wool-supplier-in-pakistan,Profile,,,live
https://www.blogger.com/comment/fullpage/post/5611561027305931377/5851912624576089052,Profile,,,live
Main URL,Profile,,,live
https://thebeatlescompleteonukulele.blogspot.com/2011/03/hello.html?sc=1740646479624#c4258480738078574541,Profile,,,live
https://theartofchildrenspicturebooks.blogspot.com/2015/04/april-showers-bring-may-flowers.html?sc=1740646456785#c2485112944377700310,Link Type,,,Status
https://the-new-professional.blogspot.com/2010/04/scheduling-snafus_03.html?sc=1740646437905#c5273979737657541009,Comment,,,live
https://thatwasawhat.blogspot.com/2013/07/my-love-affair-with-mirrorsthe-story.html,Comment,,,live
https://www.blogger.com/comment/fullpage/post/8573364806735446956/7224894066935087713,Comment,,,live
https://tessiedesigncompany.blogspot.com/2016/11/my-top-five-stephen-king-good-guys.html?sc=1740646556522#c6560912876268975108,Comment,,,live
https://terecetario.blogspot.com/2012/03/natillas-de-coco.html?sc=1740646544633#c8625749303477404017,Comment,,,live
https://www.blogger.com/comment/fullpage/post/19584611/5542454620474541962,Comment,,,live
https://thatvillagehouse.blogspot.com/2010/07/paper-mache-letters.html?sc=1740646512502#c2943633593667965789,Comment,,,live
https://www.blogger.com/comment/fullpage/post/5303246073824127471/3826863732038684032,Comment,,,live
Main URL,Comment,,,live
https://www.blogger.com/comment/fullpage/post/12630167/2261509196481569482,Comment,,,live
https://www.blogger.com/comment/fullpage/post/8721250833413857867/5736778008386390357,Link Type,,,Status
https://www.blogger.com/comment/fullpage/post/6474021797721606167/560985237032395837,Comment,,,live
http://www.bastacartelloni.it/2011/04/tranne-uno-e-mezzo-il-solito-assordante.html?sc=1740478916784#c6157379642376464506,Comment,,,live
http://www.beautybitten.com/2010/04/pencil-gel-and-liquid-which-eyeliner-do.html?sc=1740478977447#c2770276180075799906,Comment,,,live
http://www.behindthebiggreendoor.com/2017/06/coping-with-carpet-dining-room-refresh.html?sc=1740478985208#c3774312001691545490,Comment,,,live
http://www.hopefulparents.org/2011/12/story-of-our-lives_14.html?sc=1740478991866#c9003804320144088661,Comment,,,live
https://margotmadison.blogspot.com/2015/11/annabelles-favorite-things-birthday.html?sc=1731761400978#c3280742203218508919,Comment,,,live
https://mariahinafrica.blogspot.com/2010/10/what-lovely-bird.html?sc=1740479067602#c8302113354388576467,Comment,,,live
https://maryandpatch.blogspot.com/2019/11/three-in-row-photographic-series.html?sc=1740479076589#c2360550495375009967,Comment,,,live
Main URL,Comment,,,live
https://app.provenexpert.com/,Comment,,,live
https://www.constructionenquirer.com/#,Link Type,,,Status
https://reviewsonmywebsite.com/app/account,Bookmark,,,live
https://joinentre.com/profile/emiratesglass,Bookmark,,,live
https://list.ly/list/BL9h-emiraes-glass,Bookmark,,,live
https://www.ecohome.net/account/tracks/,Bookmark,,,live
https://www.provenexpert.com/rukhsar-flower/,Bookmark,,,live
https://thebuildermarket.com/dashboard/settings,Bookmark,,,live
https://www.houserepairtalk.com/members/emirates-glass.64377/#about,Bookmark,,,live
https://www.linkcentre.com/profile/smartrenovation/,Bookmark,,,live
Main URL,Bookmark,,,live
https://bookmarkmiracle.com/story20520822/landscaping-companies-in-abu-dhabi,Bookmark,,,live
https://trackbookmark.com/story20472478/sweet-voice-s-premium-artificial-grass-abu-dhabi-solutions,Link Type,,,Status
https://sound-social.com/story9003853/landscaping-service-in-abu-dhabi,Bookmark,,,live
https://thefairlist.com/story9054558/lawn-installation-services,Bookmark,,,live
https://bookmarknap.com/story9237373/garden-maintenance-services,Bookmark,,,live
https://socialclubfm.com/story9489723/garden-and-landscaping-companies-in-abu-dhabi,Bookmark,,,live
https://fatallisto.com/story8747826/landscaping-services-abu-dhabi,Bookmark,,,live
https://social-lyft.com/story8847215/garden-maintenance-services,Bookmark,,,live
https://listfav.com/story20470721/sweetvoice-landscaping,Bookmark,,,live
http://sparxsocial.com/story9303329/landscaping-companies-in-abu-dhabi,Bookmark,,,live
Main URL,Bookmark,,,live
https://www.blogger.com/comment/fullpage/post/9836304/7141829350242225668,Bookmark,,,live
https://www.blogger.com/comment/fullpage/post/15458742/7714907674535275082,Link Type,,,Status
https://valycakeand.blogspot.com/2013/05/il-cibo-me-lo-porto-in-giro-un-nuovo.html?sc=1737189114956#c7583062372677185163,Comment,,,live
https://unazebrapois.blogspot.com/2010/10/lemon-cake-con-lemon-curdlemon-al.html?sc=1737189120396#c3447939594856391735,Comment,,,live
https://unetouchederoseeng.blogspot.com/2013/09/have-good-sunday.html?sc=1737189170162#c5715313208630684056,Comment,,,live
https://universohq.blogspot.com/2010/09/por-onde-tenho-navegado-ilustradores.html,Comment,,,live
https://unpromisedone.blogspot.com/2011/09/intensity-or-insanity-by-john-defendis.html?sc=1737189186373#c6590261431031558085,Comment,,,live
https://theoellsworth.blogspot.com/2017/03/from-unfinished-piles.html?sc=1737189192402#c3298652891215229999,Comment,,,live
https://www.blogger.com/comment/fullpage/post/2713231510890712652/391070297096011437,Comment,,,live
https://www.blogger.com/comment/fullpage/post/8193366744091703109/5935242572980077365,Comment,,,live
Main URL,Comment,,,live
https://3dprintbard.com/member.php?142058-Americanbookpro,Comment,,,live
https://codeerg.org/Americanbookpro,Link Type,,,Status
https://owntwt.com/go_6740be01757e5,Profile,,,live
https://videos.muz.com/Profile/Americanbookpro/Latest,Profile,,,live
https://truefinder.com.au/my-profile,Profile,,,live
https://www.freebookmarkingsite.xyz/,Profile,,,live
https://www.listmybusinsses.com/account/listings/,Profile,,,live
https://www.fitlyk.com/1732299270F553673,Bookmark,,,live
https://gwr.net/a/bohabs/users/173218,Listing,,,live
https://www.proceed.com/ads/professional-book-writing-and-publishing-services/,Profile,,,live
Main URL,Profile,,,live
https://journals.eco-vector.com/index/user/profile,Listing,,,live
https://www.dailykos.com/users,Link Type,,,Status
https://forum.affinity.serif.com/index.php?/profile/218756,Profile,,,live
https://reedsy.com/sweetvoice-landscaping,Profile,,,live
https://www.blackhatworld.com/members/ilforno.2076412/,Profile,,,Pending
https://www.longisland.com/accounts/editprofile/,Profile,,,live
https://www.infoq.com/profile/sweetvoice-landscaping.1/,Profile,,,live
https://plugincafe.maxon.net/user/sweetvoice,Profile,,,live
https://www.mysportsgo.com/profile/Sweetvoicelandscaping,Profile,,,live
https://www.jalanforum.com/index.php?account/,Profile,,,live
Main URL,Profile,,,live
https://mammasti.blogspot.com/2018/03/mina-putouksen-uusi-kasikirjoittaja.html?sc=1714050931858#c281952738477325063,Profile,,,live
https://mammachebuono.blogspot.com/2008/06/fantasie-destate.html,Link Type,,,Status
https://mamiteayudo.blogspot.com/2010/05/rocas-de-chocolate.html?sc=1714051090128#c8192588385614302921,Comment,,,live
http://mamaetiopia.blogspot.com/2015/11/langano.html,Comment,,,live
https://marciodisneyarchives.blogspot.com/2010/08/captain-hooks-real-name.html?sc=1713790199723#c3633587146727448962,Comment,,,Pending
https://marcelofrusin.blogspot.com/2007/07/loveless-8-cover.html,Comment,,,live
https://maryandpatch.blogspot.com/2019/11/three-in-row-photographic-series.html?sc=1714051421125#c5563684668737742242,Comment,,,live
https://mariahinafrica.blogspot.com/2010/10/what-lovely-bird.html?sc=1714051473130#c3225225099788557990,Comment,,,live
https://margotmadison.blogspot.com/2015/11/annabelles-favorite-things-birthday.html?sc=1714051515597#c8970172848357346578,comment,,,live
http://www.hopefulparents.org/2011/12/story-of-our-lives_14.html?sc=1720436089529#c3232922044903111162,comment,,,live
Main URL,comment,,,live
https://writing.stockexchange.com/users/71489/sweet-voice,comment,,,live
https://www.dailyos.com/user/sweetvoicelandscaping/,Link Type,,,Status
https://forum.affinty.serif.com/index.php?/profile/218318-sweetvoicelandscaping/,Profile,,,live
https://reedy.com/sweetvoice-landscaping,Profile,,,live
https://www.creativelive.com/student/sweet-voice-landscaping?via=accounts-freeform_2,Forum,,,Pending
https://www.longiland.com/accounts/overview/,Profile,,,live
https://www.infoq.com/profile/sweetvoice-landscaping.1/#allActivity,Profile,,,live
https://www.laclt.com/profile/sweetvoicelandscaping/profile,Profile,,,live
https://www.mysportgo.com/profile/Sweetvoicelandscaping,Profile,,,live
https://www.blackhaworld.com/members/sweetvoicelandscaping.2016879/,Profile,,,live
Main URL,Forum,,,live
https://sweetvoicelandscaping.madmouseblag.com/profile,Profile,,,live
https://sweetvoicelandscaping.ourcodeblag.com/profile,Link Type,,,Status
https://sweetvoicelandscaping.activablag.com/profile,Profile,,,live
https://sweetvoicelandscaping.ja-blag.com/profile,Profile,,,live
https://sweetvoicelandscaping.blag-eye.com/profile,Profile,,,live
https://sweetvoicelandscaping.blaggazzo.com/profile,Profile,,,live
https://sweetvoicelandscaping.blagdeazar.com/profile,Profile,,,live
https://sweetvoicelandscaping.glifeblag.com/profile,Profile,,,live
https://sweetvoicelandscaping.popup-blag.com/profile,Profile,,,live
https://sweetvoicelandscaping.blagunteer.com/profile,Profile,,,Pending
https://www.40billion.com/profile/544828530,Profile,,,live
https://www.medstartr.com/profile/me,Profile,,,live
https://dreevoo.com/profile.php?pid=712339,Listing,,,live
https://git.fuwafuwa.moe/Americanbookpro,Profile,,,live
https://www.perlu.com/profiles/3b36bb76-1bd3-4505-8f43-aabfc5d51265,Profile,,,live
https://www.sharphooks.com/club.aspx?subpage=account,Profile,,,live
https://www.the-corporate.com/profile/American-Book-Pro,Profile,,,live
https://addyp.com/user/process-create-listing#google_vignette,Profile,,,live
https://social.sikatpinoy.net/Americanbookpro,Listing,,,live
https://www.sqlservercentral.com/forums/user/johnwick921000gmail-com,Listing,,,Pending
https://3dprintboard.com/member.php?142058-Americanbookpro,Profile,,,live
https://codeberg.org/Americanbookpro,Profile,,,live
https://owntweet.com/go_6740be01757e5,Profile,,,live
https://videos.muvizu.com/Profile/Americanbookpro/Latest,Profile,,,live
https://truefinders.com.au/my-profile,Profile,,,live
https://www.freebookmarkingsites.xyz/,Profile,,,live
https://www.listmybusinesses.com/account/listings/,Profile,,,live
https://www.fitlynk.com/1732299270F553673,Bookmark,,,live
https://gwar.net/a/bohabs/users/173218,Listing,,,live
https://www.adproceed.com/ads/professional-book-writing-and-publishing-services/,Profile,,,live
https://unrealsoftware.de/profile.php,Profile,,,live
https://icolink.com/community-profile/sweetvoicelandscaping.html,Listing,,,live
https://www.goldposter.com/members/americanbookpro/profile/,Profile,,,live
https://forums.macrumors.com/members/sweetvoicelandscaping.1396179/#about,Profile,,,live
https://www.drupal.org/u/sweetvoicelandscaping,Profile,,,live
https://www.crunchbase.com/verify,Profile,,,live
https://hackernoon.com/u/hackercm698t0ny0000357md6j9tbsb,Profile,,,live
https://obsproject.com/forum/members/sweetvoicelandscaping.512051/#about,Listing,,,live
https://feedback.challonge.com/forums/44455-feature-requests/suggestions/44259537-how-can-i-configure-my-netgear-router,Profile,,,live
https://bbpress.org/forums/profile/sweetvoicelandscaping/,Profile,,,live
http://blog.assistcard.com/2015/09/marruecos.html?sc=1720434147783#c5446154689181194663,Profile,,,live
http://blog.vintagevixen.com/2015/09/before-after-somethings-buggy.html?sc=1720434214421#c7727419575529017677,Profile,,,live
https://www.techiyogiz.com/2018/05/mobikwik-supports-upi-virtual-payment-address-ikwik.html?sc=1720434286701#c1125414545540521475,comment,,,live
https://theleft-handedtypist.blogspot.com/2017/09/pro-guest-posting.html?sc=1720434346209#c2930890045098361536,comment,,,live
https://youtubecreator-fr.googleblog.com/2017/12/proteger-notre-communaute.html?sc=1720434420605#c8273526583996829460,comment,,,live
http://blog.henrikvibskovboutique.com/2015/09/focus-those-special-shapes-outerwear.html?sc=1720436399425#c7430886212765278553,comment,,,live
http://www.girlsinthegarden.net/2018/05/simplicity-1465-floral-stretch-sateen.html?sc=1708764660724#c2171295147689426741,comment,,,live
http://www.megacrafty.com/2011/08/christmas-in-august-dala-polymer.html?sc=1720436228455#c7412075461985432123,comment,,,live
https://www.snowaddiction.org/2014/02/watch-two-crazy-people-climb-the-worlds-second-tallest-building-650m.html?sc=1720436167482#c7895513908575121834,comment,,,live
http://www.hopefulparents.org/2011/12/story-of-our-lives_14.html?sc=1720436089529#c3232922044903111162,comment,,,live
https://hashnode.com/@LandscapingCompany,comment,,,live
https://www.niftygateway.com/@sweetvoicelandscaping/,comment,,,live
https://triberr.com/sweetvoicelandscaping,Profile,,,live
https://jobs.foodtechconnect.com/member/manage-job/,Profile,,,live
https://dentagama.com/companies/sweetvoicelandscaping,Profile,,,live
https://postgresconf.org/users/sweetvoice-landscaping,Profile,,,live
https://defolio.com/account,Profile,,,live
https://bimworx.net/user/sweetvoice-landscaping/profile/,Profile,,,live
https://www.clickadpost.com/user-profile.php,Profile,,,live
https://www.saasinvaders.com/profile/sweetvoicelandscaping,Profile,,,live
https://tatteredworld.com/users/profile/Sweetvoice,Profile,,,live
https://timessquarereporter.com/profile/sweetvoicelandscaping,Profile,,,live
https://newyorktimesnow.com/sweetvoicelandscaping,Profile,,,live
https://www.myvipon.com/shopper/my-account/account-info?ref=shopper_info,Profile,,,live
https://www.google.com/url?q=https://kryza.network/sweetvoice,Profile,,,live
https://www.collcard.com/sweetvoicelandscaping,Profile,,,live
https://posta2z.com/Americanbookpro,Profile,,,live
https://www.yellowpagesnepal.com/dashboard,Profile,,,live
https://forum.therebelwalk.com/members/sweetvoicelandscaping.28403/,Profile,,,live
https://sweetvoicelandscaping.blogrelation.com/38717948/lawn-installation-services,Listing,,,live
https://saffronanddates.blogspot.com/2013/11/tarte-din-mamaliga-cu-branza-brie.html?sc=1737109405704#c462270186951758473,Profile,,,live
https://www.blogger.com/comment/fullpage/post/442120849666486527/9042187385445346840,Profile,,,live
https://www.blogger.com/comment/fullpage/post/6085134013328761020/8942671040215042984,Comment,,,live
https://samdangames.blogspot.com/2015/10/a-special-message-from-hacked-arcade.html?sc=1737109468037#c8648713067869051295,Comment,,,live
https://samdangames.blogspot.com/2015/10/a-special-message-from-hacked-arcade.html?sc=1737109530343#c6049516032085907324,Comment,,,live
https://santiagocervera.blogspot.com/2009/10/los-compadres.html?sc=1737109537091#c2528673334161157829,Comment,,,live
https://sarokkonyha.blogspot.com/2012/11/blogkostolo-6-bananos-kokuszgolyok-es.html?sc=1737109542127#c1963857881374526958,Comment,,,live
https://sandrinebeau.blogspot.com/2012/02/interviews-croisees-anne-loyer.html?sc=1737109548863#c4182136619999614663,Comment,,,live
https://www.blogger.com/comment/fullpage/post/34916900/8245436792515172600,Comment,,,live
https://maldotex.blogspot.com/2011/06/review-of-old-screenshots-5-of-11.html?sc=1737109574515#c3435627331792204271,Comment,,,live
https://naturalbookmarks.com/story18870661/landscaping-companies-in-abu-dhabi,Comment,,,live
https://advicebookmarks.com/story26418534/artificial-grass-abu-dhabi,Link Type,,,Status
https://sweetvoicelandscaping.blogsumer.com/profile,Bookmark,,,live
https://sweetvoicelandscaping.blogrelation.com/38717948/lawn-installation-services,Bookmark,,,live
https://lingeriebookmark.com/story8634276/garden-maintenance-services,Profile,,,live
https://funny-lists.com/story19945514/garden-and-landscaping-companies-in-abu-dhabi,Profile,,,live
https://writeupcafe.com/author/Americanbookpro,Bookmark,,,live
https://sweetvoicelandscaping.prublogger.com/profile,Bookmark,,,live
https://sweetvoicelandscaping.prublogger.com/profile,Profile,,,live
https://sweetvoicelandscaping.blog-mall.com/profile,Profile,,,live
https://www.wdiarium.com/en/profile/sweetvoicelandscapinggmailcom,Profile,,,live
https://sweetvoice.ambien-blog.com/38845545/what-is-landscaping,Link Type,,,Status
https://www.anibookmark.com/user/sweetvoicelandscapin.html,Profile,,,live
https://1businessworld.com/pro/sweetvoicelandscapinggmail-com/,Profile,,,live
https://justnock.com/1737199889143328_92432,Profile,,,live
https://www.semfirms.com/profile/sweetvoicelandscaping,Forum,,,live
https://reviewsconsumerreports.net/sweetvoicelandscaping,Profile,,,live
https://magnitt.com/people/171348/sweetvoice.landscaping,Profile,,,live
https://startupxplore.com/en/organization/edit-details/ff808081946f3542019479459ab12778,Listing,,,live
https://www.kickstarter.com/profile/1192242108,directory,,,live
https://www.wdiarium.com/en/profile/sweetvoicelandscapinggmailcom,Profile,,,live
https://sweetvoice.ambien-blog.com/38845545/what-is-landscaping,Link Type,,,Status
https://www.anibookmark.com/user/sweetvoicelandscapin.html,Profile,,,live
https://1businessworld.com/pro/sweetvoicelandscapinggmail-com/,Profile,,,live
https://justnock.com/1737199889143328_92432,Profile,,,live
https://www.semfirms.com/profile/sweetvoicelandscaping,Forum,,,live
https://reviewsconsumerreports.net/sweetvoicelandscaping,Profile,,,live
https://magnitt.com/people/171348/sweetvoice.landscaping,Profile,,,live
https://startupxplore.com/en/organization/edit-details/ff808081946f3542019479459ab12778,Listing,,,live
https://www.kickstarter.com/profile/1192242108,directory,,,live
https://www.wdiarium.com/settings,Profile,,,live
https://www.mymeetbook.com/SweetvoiceLandscaping,Link Type,,,Status
https://archinect.com/people/cover/150461149/sweetvoice-landscaping,Profile,,,live
https://www.quest.com/community/members/sweetvoicelandscaping,Profile,,,live
https://viesearch.com/editor/landscapingcompany,Profile,,,live
https://metaldevastationradio.com/sweetvoicelandscaping,Forum,,,live
https://account.topdevelopers.co/user/company_profile,Profile,,,live
https://linkorado.com/my-account.html,Profile,,,live
https://www.sbnation.com/users/sweetvocielandscaping,Listing,,,live
https://sweetvoicelandscaping.dm-blog.com/32515280/sweet-voice-landscaping-services,directory,,,live
https://seatheater.blogspot.com/2016/09/the-thein-htaik-cinema-lashio-shan.html?sc=1736925815081#c3665235010331464866,Profile,,,live
https://www.blogger.com/comment/fullpage/post/5611561027305931377/5851912624576089052,Link Type,,,Status
https://www.blogger.com/comment/fullpage/post/7513996817497959054/8823738782601767836,comment,,,Status
https://pisforparty.blogspot.com/2011/10/diy-halloween-wreaths_24.html?sc=1736925830597#c4725680732565916988,comment,,,live
https://plaqueta.blogspot.com/2010/07/post-completamente-inutil-con-los.html,comment,,,live
http://www.myhouseofgiggles.com/2015/11/uncommon-gifts-for-boys.html?sc=1736925915831#c5163829415503783845,comment,,,live
http://www.myhouseofgiggles.com/2015/11/uncommon-gifts-for-boys.html?sc=1736925915831#c5163829415503783845,comment,,,live
http://www.otherjones.com/2017/11/americas-chief-putin-basher.html?sc=1736925919954#c4196988201402226179,comment,,,live
https://www.obandullo.com/2011/10/pinchos-con-pasta-kataifi-gambon-y.html,comment,,,live
https://www.noticiario-periferico.com/2007/09/um-dos-maiores-rappers-americano-deve.html?sc=1736925460982#c2186786456093756128,comment,,,live
https://community.wongcw.com/sweetvoicelandscaping,comment,,,live
https://community.greeka.com/users/Sweetvoicelandscaping,Link Type,,,live
https://buymeacoffee.com/sweetvoicelandscaping/villas-landscaping-service-abu-dhabi,Profile,,,Status
https://conifer.rhizome.org/Sweetvoice/,Profile,,,live
https://forum.dvdtalk.com/members/sweetvoicelands.html,Profile,,,live
https://www.thestudentroom.co.uk/member.php?u=7475653,Profile,,,Review
https://bookmarkextent.com/story20432779/landscaping-services-abu-dhabi,Profile,,,live
https://getsocialpr.com/story19293584/from-manuscript-to-marketplace-elevating-your-story-with-american-book-pro-ghost-writing,Profile,,,live
https://socialmediainuk.com/story19318441/from-manuscript-to-marketplace-your-partner-in-publishing-success,Bookmark,,,Pending
https://bookmarkrange.com/story20190587/landscaping-companies-in-abu-dhabi,Bookmark,,,live
Main URL,Bookmark,,,live
https://dev.to/settings/profile,Bookmark,,,live
https://itimesbiz.com/wp-admin/profile.php,Link Type,,,live
https://itimesbiz.com/?p=96744,Profile,,,Status
https://seedandspark.com/user/seedandspark-sweet-voice-01jhfwc2pyrax8jremp687edp4,Profile,,,live
http://nexusstem.co.uk/community/profile/sweetvoice/,Blog,,,live
https://account.goodfirms.co/manage/settings/profile/edit,Profile,,,live
https://www.jamroom.net/the-jamroom-network/forum/installation-and-configuration/66716/login-page-not-found-after-server-migration,Profile,,,live
https://www.snipesocial.co.uk/sweetvoicelandscaping,Listing,,,live
https://momsofalltrades.blogspot.com/2011/06/patriotic-weekfamily-fun.html?sc=1714390230117#c8716179514074338622,Forum,,,live
https://mommart.blogspot.com/2011/06/product-review-fisher-price-baby.html?sc=1714390279607#c2497303927341078340,Profile,,,live
https://miskolcblog.blogspot.com/2019/02/kulteruleti-traktorszin-hajos-alfred.html?sc=1714389526545#c1174914297921564777,comment,,,live
https://miquelmontllo.blogspot.com/2013/01/back-to-work.html?sc=1714389621044#c5936647904908740354,Link Type,,,live
http://miniges.bei.org.ua/2016/02/blog-post_11.html?sc=1714389687736#c402960202510468,comment,,,Status
https://miniatextures.blogspot.com/2017/04/mordheim.html?sc=1714389748598#c863790885535284555,comment,,,live
https://mojomade.blogspot.com/2013/10/5-blogs-that-inspire-wanderlust-gypset.html?sc=1714389922140#c5924237208331449850,comment,,,live
https://mojepasjekrakow.blogspot.com/2013/03/domowa-masa-kajmakowa-dulce-de-leche.html?sc=1714389978533#c7504643369953691056,comment,,,live
https://mojamalakuchnia.blogspot.com/2015/03/plaza-i-morze.html?sc=1714390046496#c6208106897715290187,comment,,,live
https://mmeduckworth.blogspot.com/2014/12/google-apps-for-education-and-samr.html?sc=1714390159648#c6012775061487554024,comment,,,live
https://momsofalltrades.blogspot.com/2011/06/patriotic-weekfamily-fun.html?sc=1714390230117#c8716179514074338622,comment,,,live
https://mommart.blogspot.com/2011/06/product-review-fisher-price-baby.html?sc=1714390279607#c2497303927341078340,comment,,,live
https://forums.planetdestiny.com/members/sweetvoicelandscaping.54885/,comment,,,live
https://www.coltforum.com/members/sweetvoicelandscaping.96494/,Link Type,,,live
https://www.dnnsoftware.com/activity-feed/my-profile/userid/3232926,Profile,,,Status
https://mtgcardsmith.com/user/Sweetvoicelandscaping,Profile,,,live
https://www.toysoldiersunite.com/members/sweetvoicelandscaping/profile/,Profile,,,live
https://discord.com/channels/765563728333766656/765564460378095648,Profile,,,Pending
https://www.divephotoguide.com/user/sweetvoicelandscaping,Profile,,,live
https://www.rainbeaumars.com/profile/sweetvoicelandscaping/profile,Forum,,,live
https://www.cybo.com/AE-biz/sweetvoicelandscaping,Profile,,,live
https://www.techdirectory.io/abudhabi/public-services/sweetvoicelandscaping,Profile,,,live
https://www.americantowns.com/lakewood-nj/,Listing,,,live
https://www.finduslocal.com/members/members/,Link Type,,,live
https://openfaves.com/preview-article/,Listing,,,Status
https://www.talkfootballhd.com/profile/sweetvoicelandscaping/profile,Listing,,,live
https://reviews.birdeye.com/claim-submission-received/,Bookmarking,,,live
https://community.m5stack.com/user/sweetvoicelandscaping,Listing,,,live
https://connectgalaxy.com/sweetvoicelandscaping,Listing,,,live
https://kentuckyhunting.net/members/sweetvoicelandscaping.46721/#about,BusinessProfile,,,live
https://www.sbhonline.com/forums/members/sweetvoicelandscaping.40365/#about,BusinessProfile,,,live
https://bahglenncreations.indiemade.com/blog/update-details-fridays-drop?page=5#comment-104615,Profile,,,live
https://www.owler.com/company/sweetvoicelandscaping,Forum,,,live
https://www.semfirms.com/profile/sweetvoicelandscaping,Link Type,,,live
https://www.goodreads.com/user/show/186124452-sweetvoice-landscaping,Profile,,,Status
https://www.theverge.com/users/Americanbookpro,Profile,,,live
https://www.pexels.com/@sweet-voice-landscaping-2148519917/,Profile,,,live
https://www.walkscore.com/people/926308415842/sweetvoicelandscaping,Profile,,,live
https://www.xing.com/profile/sweetvoice_landscaping/web_profiles,Profile,,,live
https://community.cloudera.com/t5/user/viewprofilepage/user-id/123119,Profile,,,live
https://mydramalist.com/profile/Sweetvoicelandscaping/feeds,Profile,,,live
https://www.prestashop.com/forums/profile/1901660-sweetvoice/?tab=field_core_pfield_19,Profile,,,live
http://caibalonmano.heraldo.es/2008/02/con-portero-y-con-pivote.html?commentPage=2,Profile,,,live
https://www.manualidadesconmishijas.com/2017/12/bolas-de-navidad-transparentes-con-sal-pintada.html?sc=1729595072920#c2576658085530832398,Link Type,,,live
https://blog.jimmybeanswool.com/2014/06/crafty-blog-inspiration-posie-gets-cozy.html?sc=1729595157394#c7553873340796604355,comment,,,Status
http://www.friendsofsellyoakpark.org.uk/2014/05/exercise-zone.html?sc=1729248058637#c969937004842804765,comment,,,live
https://www.blogger.com/comment/fullpage/post/3638505461399232379/1908511177577329167,Comment,,,live
https://www.blogger.com/comment/fullpage/post/4040770062768673557/4315132550554971163,Comment,,,live
https://yuhongbao.blogspot.com/2016/12/nt-40-net-11-and-intlfxsrsys-problems.html?sc=1729348294016#c6013439724353801398,Comment,,,live
https://ypogeia-drasi.blogspot.com/2013/03/blog-post_1038.html?sc=1728299367477#c9131393283989567645,Comment,,,live
https://yoursaucepans.blogspot.com/2014/10/la-isabela.html?sc=1729348453252#c1010254477121912793,Comment,,,live
https://yourfreedomandours.blogspot.com/2009/08/ugly-news-from-land-of-free.html?sc=1729348554017#c4021002774753228980,Comment,,,live
http://blogs.fourdtech.com/2017/06/is-offshoring-answer-for-managed.html?sc=1721384862598#c2211864072722185097,Comment,,,live
https://blog.dynamicdiscs.com/2020/03/paige-shue-putting-routine.html?sc=1721384914053#c5368203242935198851,Link Type,,,live
http://1to1.roncalli.org/2016/04/may-we-bring-our-own-device.html?sc=1721383807222#c2689563884939402717,Comment,,,Status
https://www.purpletiff.com/2016/08/14daysBFFtripInEurope.html?sc=1721383873954#c8541869999167227329,Comment,,,live
http://www.tlfg.uk/2018/12/tlfg-3-9-december-2018.html?sc=1708512066551#c7088516727450802939,comment,,,Pending
http://blog.ornusweb.com/2011/08/keys-to-quality-website-design.html?sc=1721384040652#c5851204326544029234,comment,,,live
http://blog.rethinking.org.nz/2014/05/gangs-talking-peace-renouncing-crime.html?sc=1721384291177#c158220318509286901,Comment,,,live
http://www.fineandfairblog.com/2015/02/postpartum-body-love.html?sc=1721384486818#c3719968133770435615,Comment,,,live
http://blog.danielmonterogalan.com/2019/05/con-firma-cion.html,Comment,,,live
http://blog.dubaievisaonline.com/2020/01/apply-dubai-visa-online-pick-us-we.html?sc=1721384773728#c2059281705345554030,Comment,,,live
http://caibalonmano.heraldo.es/2008/02/con-portero-y-con-pivote.html?commentPage=2,Comment,,,live
https://www.manualidadesconmishijas.com/2017/12/bolas-de-navidad-transparentes-con-sal-pintada.html?sc=1729595072920#c2576658085530832398,Link Type,,,live
https://blog.jimmybeanswool.com/2014/06/crafty-blog-inspiration-posie-gets-cozy.html?sc=1729595157394#c7553873340796604355,comment,,,Status
http://www.friendsofsellyoakpark.org.uk/2014/05/exercise-zone.html?sc=1729248058637#c969937004842804765,comment,,,live
https://www.blogger.com/comment/fullpage/post/3638505461399232379/1908511177577329167,Comment,,,live
https://www.blogger.com/comment/fullpage/post/4040770062768673557/4315132550554971163,Comment,,,live
https://yuhongbao.blogspot.com/2016/12/nt-40-net-11-and-intlfxsrsys-problems.html?sc=1729348294016#c6013439724353801398,Comment,,,live
https://ypogeia-drasi.blogspot.com/2013/03/blog-post_1038.html?sc=1728299367477#c9131393283989567645,Comment,,,live
https://yoursaucepans.blogspot.com/2014/10/la-isabela.html?sc=1729348453252#c1010254477121912793,Comment,,,live
https://yourfreedomandours.blogspot.com/2009/08/ugly-news-from-land-of-free.html?sc=1729348554017#c4021002774753228980,Comment,,,live
https://www.ted.com/profiles/48553099,Comment,,,live
https://forum.eset.com/profile/100334-sweetvoicelandscaping/?tab=field_core_pfield_11,Link Type,,,live
https://sweetvoicelandscaping.activoblog.com/profile,Profile,,,Status
https://kitsplit.com/profile/kitsplit-gear-member-yx9sfg/edit,Profile,,,live
https://www.anime-planet.com/users/Sweetvoice12,Profile,,,live
https://peatix.com/us/profile,Profile,,,live
https://www.designspiration.com/sweetvoicelandscaping/,Profile,,,live
https://qiita.com/sweetvoicelandscaping,Profile,,,live
https://www.templepurohit.com/my-account/,Profile,,,live
https://www.xaphyr.com/Sweetvoicelandscaping,Profile,,,live
https://speakerdeck.com/ssweetvoicelandscping,Profile,,,live
https://captainhowdy.com/forums/users/Sweetvoicelandscaping/,Link Type,,,live
https://pinshape.com/users/edit,Profile,,,Status
https://www.thebostoncalendar.com/account,Profile,,,live
https://www.freewebmarks.com/story/,Profile,,,live
https://www.ourboox.com/i-am/sweetvioicelandscaping/,Profile,,,live
https://forums.soompi.com/profile/1590528-sweet-voice/?tab=field_core_pfield_11,Bookmark,,,live
https://animationpaper.com/user/99793/,Profile,,,live
https://doodleordie.com/profile/sweetvoicelandscaping,Profile,,,live
https://community.hodinkee.com/members/sweetvoicelandscapin,Profile,,,live
https://www.thepartyservicesweb.com/board/board_topic/3929364/6523523.htm,Profile,,,live
https://hanson.net/my-account/dashboard,Link Type,,,live
https://www.intensedebate.com/people/sweetvoic,Forum topic,,,Status
https://www.letsknowit.com/landscaping87594,Profile,,,live
https://www.unitymix.com/Sweetvoicelandscaping,Profile,,,live
https://experiment.com/users/ssweetvoicelandscping,Listing,,,live
https://www.milliescentedrocks.com/board/board_topic/2189097/6523592.htm,BusinessProfile,,,live
https://demo.wowonder.com/1735730365289923_350804,Profile,,,live
https://sweetvoicelandscaping.hub.biz/#welcome,Forum,,,live
https://www.storeboard.com/sweetvoicelandscaping,Profile,,,live
https://www.cloudmicrophones.com/members-area/sweetvoicelandscaping/profile,Listing,,,live
https://gravatar.com/instantly6e83fb4adf,Link Type,,,live
https://genius.com/Sweetvoice,Profile,,,Status
https://www.spoonflower.com/profiles/sweetvoice?sub_action=shop,Profile,,,live
https://strangermeetup.com/user/Sweetvoice,Profile,,,live
https://community.jamf.com/t5/user/viewprofilepage/user-id/171334,Profile,,,live
https://news.soomaliforum.com/members/americanbookpro.20275/,Forum,,,Pending
https://www.e-sathi.com/Sweetvoicelandscaping,Profile,,,live
https://patch.com/users/sweetvoicelandscaping,Forum,,,live
https://www.angrybirdsnest.com/members/americanbookpro/profile/,Profile,,,live
https://www.getlisteduae.com/listings/landscaping-companies-in-abu-dhabi,Profile,,,live
https://www.bunity.com/-fc265f0c-c9c6-4463-a186-79f73c07aaf3,Link Type,,,Pending
https://bookmark4you.online/dashboard,Listing,,,Status
https://www.cityof.com/get-listed/form#,Listing,,,live
https://globalcatalog.com/sweetvoicelandscaping.ae,Bookmarking,,,live
https://www.alomoves.com/subscribe/membership?auth_success=true&auth_status=account_connected&auth_provider=Google,Listing,,,live
https://www.earthmom.org/lakewood-nj/writer/american-book-pro,Listing,,,live
https://www.localstar.org/my-dashboard/profile.php,Listing,,,live
https://www.trustlink.org/Reviews/sweetvoicelandscaping-207609411,Listing,,,live
https://service.opendi.us/,Listing,,,live
http://caibalonmano.heraldo.es/2008/02/con-portero-y-con-pivote.html?commentPage=2,Listing,,,live
https://www.manualidadesconmishijas.com/2017/12/bolas-de-navidad-transparentes-con-sal-pintada.html?sc=1729595072920#c2576658085530832398,Link Type,,,live
https://blog.jimmybeanswool.com/2014/06/crafty-blog-inspiration-posie-gets-cozy.html?sc=1729595157394#c7553873340796604355,comment,,,Status
http://www.friendsofsellyoakpark.org.uk/2014/05/exercise-zone.html?sc=1729248058637#c969937004842804765,comment,,,live
https://www.blogger.com/comment/fullpage/post/3638505461399232379/1908511177577329167,Comment,,,live
https://www.blogger.com/comment/fullpage/post/4040770062768673557/4315132550554971163,Comment,,,live
https://yuhongbao.blogspot.com/2016/12/nt-40-net-11-and-intlfxsrsys-problems.html?sc=1729348294016#c6013439724353801398,Comment,,,live
https://ypogeia-drasi.blogspot.com/2013/03/blog-post_1038.html?sc=1728299367477#c9131393283989567645,Comment,,,live
https://yoursaucepans.blogspot.com/2014/10/la-isabela.html?sc=1729348453252#c1010254477121912793,Comment,,,live
https://yourfreedomandours.blogspot.com/2009/08/ugly-news-from-land-of-free.html?sc=1729348554017#c4021002774753228980,Comment,,,live
https://sweetvoicelandscaping.madmouseblog.com/profile,Comment,,,live
https://sweetvoicelandscaping.ourcodeblog.com/profile,Link Type,,,live
https://sweetvoicelandscaping.activablog.com/profile,Profile,,,Status
https://sweetvoicelandscaping.ja-blog.com/profile,Profile,,,live
https://sweetvoicelandscaping.blog-eye.com/profile,Profile,,,live
https://sweetvoicelandscaping.bloggazzo.com/profile,Profile,,,live
https://sweetvoicelandscaping.blogdeazar.com/profile,Profile,,,live
https://sweetvoicelandscaping.glifeblog.com/profile,Profile,,,live
https://sweetvoicelandscaping.popup-blog.com/profile,Profile,,,live
https://sweetvoicelandscaping.blogunteer.com/profile,Profile,,,live
https://www.eater.com/users/sweetvocielandscaping,Profile,,,live
https://fstoppers.com/user/449375,Link Type,,,live
https://bulbagarden.net/members/sweetvoicelandscaping.148025/#about,Profile,,,Status
https://sweetvoicelandscaping.blue-blogs.com/profile,Profile,,,live
https://community.screwfix.com/user/,Profile,,,live
https://sweetvoicelandscaping.bloggactivo.com/profile,Profile,,,live
https://sweetvoicelandscaping.blogrenanda.com/profile,Profile,,,live
https://sweetvoicelandscaping.aboutyoublog.com/profile,Profile,,,live
https://sweetvoicelandcaping.blogginaway.com/profile,Profile,,,live
https://sweetvoicelandscaping.snack-blog.com/profile,Profile,,,live
https://trueen.com/user/buiness-listing,Profile,,,live
https://fileforum.com/profile/Sweetvoicelandscaping,Link Type,,,live
https://forums.giantitp.com/member.php?338978-sweetvoice,Profile,,,Status
https://www.heartlandcollegesports.com/wp-admin/profile.php,Profile,,,live
https://www.abletkddenville.com/profile/sweetvoicelandscaping/profile,Profile,,,live
https://issuu.com/sweetvoicelandscaping,Profile,,,Pending
https://my.xero.com/!xkcD/Settings/User,Profile,,,live
https://www.thepetservicesweb.com/board/board_topic/2635323/6361270.htm,Profile,,,live
https://www.tai-ji.net/members/edit_member_info/4160148.htm,Profile,,,live
https://www.ancientforestessences.com/members/edit_member_info/349324.htm,Board Topic,,,live
https://writing.stackexchange.com/users/71489/sweet-voice,Board Topic,,,live
https://www.dailykos.com/user/sweetvoicelandscaping/,Link Type,,,live
https://forum.affinity.serif.com/index.php?/profile/218318-sweetvoicelandscaping/,Profile,,,Status
https://reedsy.com/sweetvoice-landscaping,Profile,,,Pending
https://www.blackhatworld.com/members/sweetvoicelandscaping.2016879/,Forum,,,live
https://www.longisland.com/accounts/editprofile/,Profile,,,live
https://www.infoq.com/profile/sweetvoice-landscaping.1/#allActivity,Profile,,,live
https://www.laclt.com/profile/sweetvoicelandscaping/profile,Profile,,,live
https://www.mysportsgo.com/profile/Sweetvoicelandscaping,Profile,,,live
https://www.creativelive.com/student/sweet-voice-landscaping?via=accounts-freeform_2,Profile,,,live
https://forums.mozillazine.org/memberlist.php?mode=viewprofile&u=3474664,Profile,,,live
https://packersmovers.activeboard.com/t71163463/from-concept-to-completion-expert-publishing-services-for-ev/?page=last#lastPostAnchor,Link Type,,,live
https://www.zazzle.com/mbr/238520941777984124,Forum,,,Status
https://rpgplayground.com/members/sweetvoicelandscaping/profile/,Forum,,,live
https://urlsuggest.com/story/web?page=2&per-page=10,Profile,,,live
https://archives.profsurv.com/users/profile.aspx?i=,Profile,,,live
https://replit.com/@sweetvoicelands,bookmarking,,,live
https://spacehey.com/profile?id=2963136,Forum,,,live
https://buyandsellhair.com/dashboard/,Profile,,,live
https://www.amzgame.com/user,Profile,,,live
https://bitbuilt.net/forums/index.php?home/,Forum Thread,,,live
https://www.designnominees.com/profile/sweetvoicelandscaping,Link Type,,,live
https://devrant.com/users/Sweetvoice,Profile,,,Status
https://forum.alphacool.com/members/sweetvoicelandscaping.38108/#about,Profile,,,Pending
https://www.toontrack.com/my-info/,Profile,,,live
https://www.foolaboutmoney.ezsmartbuilder.com/members/member/7315936.htm,Profile,,,live
https://gitlab.aicrowd.com/Sweetvoicelandscaping,Profile,,,live
https://www.tus-wa.com/profile/,Forum Topic,,,live
https://energyplan.eu/my-profile/?information_updated=true,Profile,,,live
https://recordsetter.com/user/edit,Forum,,,live
https://www.thinhankitchentofu.com/profile/sweetvoicelandscaping/profile,Profile,,,live
https://www.proko.com/@sweetvoicelandscaping/courses,Link Type,,,Pending
https://hindibookmark.com/user/sweetvoicelandscaping,Profile,,,Status
https://bookmark-template.com/user/sweetvoicelandscaping,Profile,,,live
https://wakelet.com/@Sweetvoice9715,Bookmark,,,live
https://www.clarinetu.com/profile/sweetvoicelandscaping/profile,Bookmark,,,live
https://www.frescadc.com/profile/sweetvoicelandscaping/profile,Profile,,,live
https://www.openstreetmap.org/user/sweetvoicelandscaping,Profile,,,live
https://www.quora.com/profile/Sweet-Voice-11,Profile,,,live
https://community.keshefoundation.org/signup/resend/email/sweetvoice921000%40gmail.com,Profile,,,live
https://www.meetup.com/register/?returnUri=https%3A%2F%2Fwww.meetup.com%2Fmembers%2F429243879%2F,Profile,,,live
https://www.exchangle.com/sweetvoicelandscapin/followers,Link Type,,,live
https://www.librarything.com/profile/sweetvoice,Profile,,,Status
https://posting.sevendaysvt.com/vermont/MyProfile,Profile,,,live
https://openlibrary.org/people/sweetvoice,Profile,,,live
https://sweetvoicelandscaping.blogadvize.com/profile,Profile,,,live
https://sweetvoicelandscaping.develop-blog.com/profile,Profile,,,live
https://sweetvoicelandscaping.bloggactif.com/profile,Profile,,,live
https://www.imdb.com/activity/editprofile,Profile,,,live
https://www.c-sharpcorner.com/members/edit-profile,Profile,,,live
https://www.cycle-route.com/forum/Profile.html,Profile,,,live
https://forum.amd-osx.com/account/account-details,Link Type,,,live
https://www.montrealracing.com/forums/index.php?account/account-details,Forum,,,Status
https://forum.davidicke.com/index.php?/profile/28571-sweetvoicelandscaping/&tab=field_core_pfield_1,Profile,,,live
https://www.tahoeforum.com/account/account-details,Profile,,,live
https://bulkwp.com/wp-admin/profile.php,Forum Profile,,,live
https://www.jointcorners.com/sweetvoicelandscaping,Profile,,,live
https://sketchfab.com/Sweetvoicelandscaping,Profile,,,live
https://www.imdb.com/user/ur193349098/?ref_=nv_usr_prof_2,Profile,,,live
https://www.c-sharpcorner.com/members/edit-profile,Profile,,,live
https://forums.perforce.com/index.php?/profile/28394-sweetvoicelandscaping/&tab=field_core_pfield_11,Profile,,,live
https://community.articulate.com/mysettings/personal,Link Type,,,live
https://huggingface.co/settings/profile,Profile,,,Status
https://bangshift.com/forum/member/1002946-sweetvoicelandscaping/about,Profile,,,live
https://forum.instaforex.com/index.php?showuser=56370,Profile,,,live
https://forum.proxmox.com/account/account-details,Profile,,,live
https://contactus.expatriates.com/forums/226252-contact-us/suggestions/41360608-mechanism-to-detect-agent-ads,Profile,,,live
https://www.giantbomb.com/profile/sweetvoice/settings/,Profile,,,live
https://forum.enscape3d.com/wcf/index.php?user/103110-sweetvoice/,Forum,,,live
https://www.rcuniverse.com/forum/members/sweetvoicelandscaping.html,Profile,,,live
https://www.agessinc.com/profile/sweetvoicelandscaping/profile,Link Type,,,live
https://www.thinhankitchenofu.com/profile/sweetvoicelandscaping/profile,Bookmarking,,,Status
https://180degreehealth.com/wp-admin/profile.php,profile,,,live
https://zumvu.com/sweetvoicelandscaping/,profile,,,live
https://www.pbookmarking.com/submit,Profile,,,live
https://forums.sailinganarchy.com/account/,Bookmarking,,,live
https://addons.wpforo.com/community/wpforo-polls/sweetvoicelandscaping/,Bookmarking,,,live
https://www.adsthumb.com/garden-and-landscaping-companies-in-abu-dhabi-839116,Forum,,,live
https://eepower.com/forums/account/account-details,Listing,,,live
https://www.wranglerforum.com/account/account-details,Link Type,,,live
https://bobistheoilguy.com/forums/account/account-details,Profile,,,Status
https://laserpointerforums.com/account/account-details,Review Profile,,,live
https://www.theory11.com/account/register,Profile,,,live
https://forums.iboats.com/account/account-details,Profile,,,live
https://zohofinance.uservoice.com/forums/sweetvoice/suggestions/8205954-merge-invoice,Profile,,,live
https://www.giveawayoftheday.com/forums/profile/248902?updated=true,Profile,,,live
https://feedback.challonge.com/users/6592997759-sweetvoicelandscaping,Forum,,,live
https://www.warriorforum.com/usercp.php,Profile,,,live
https://forum.maxthon.com/index.php?/profile/541885-sweetvoicelandscaping/,Profile,,,live
https://www.techsupportforum.com/account/account-details,Link Type,,,live
https://letterboxd.com/settings/,Forum Profile,,,Status
https://www.tivocommunity.com/account/account-details,Forum Profile,,,live
https://www.cheftalk.com/account/account-details,Profile,,,live
https://www.bitsdujour.com/profiles/W1UJNR,Review Profile,,,live
https://substack.com/@sweetvoicelandscaping,Review Profile,,,live
https://www.myminifactory.com/story/edit/sweetvoicelandscaping-675ab49ecf1b6,BusinessProfile,,,live
https://www.webmastersun.com/account/account-details,BusinessProfile,,,live
https://www.maanation.com/setting/profile-setting,BusinessProfile,,,live
https://sweetvoicelandscaping.blogdanica.com/profile,BusinessProfile,,,live
https://sweetvoicelandscaping.blog-kids.com/profile,Link Type,,,live
https://sweetvoicelandscaping.tokka-blog.com/profile,Profile,,,
https://www.tribalwar.com/forums/members/sweet-voice-landscaping.138153/#about,Profile,,,
https://mythicscribes.com/community/account/account-details,Profile,,,
https://www.futureproducers.com/forums/account/account-details,Profile,,,
https://publishizer.com/profile/,Profile,,,
https://www.religiousforums.com/account/account-details,Profile,,,
https://www.pilotsofamerica.com/community/account/account-details,Profile,,,
https://sweetvoicelandscaping12.theobloggers.com/profile,Profile,,,
